stat,token_count
max,808.0
min,1.0
std,62.37574142507376
mean,48.75300171526587
median,25.0
sum,312653.0
