stat,word_count
max,663.0
min,1.0
std,50.58990268788485
mean,38.665835022610324
median,20.0
sum,247964.0
