stat,token_count
max,795.0
min,1.0
std,63.21282670483366
mean,48.629704510108866
median,25.0
sum,312689.0
