stat,word_count
max,645.0
min,1.0
std,51.6633308818188
mean,39.01010886469673
median,20.0
sum,250835.0
