stat,token_count
max,775.0
min,1.0
std,61.86950256650348
mean,48.059088089330025
median,25.0
sum,309885.0
