stat,word_count
max,594.0
min,1.0
std,50.24361074023083
mean,38.17679900744417
median,19.0
sum,246164.0
