source_lang,source_lang_label,metric,metric_label,n_chunks,mean_ht_score,mean_mt_score,sd_ht_score,sd_mt_score,mean_preference_delta,median_preference_delta,ci95_preference_delta
fr,French,litransproqa,LitTransProQA,134,0.8732476856225203,0.9986491592669564,0.21599331539730077,0.009038380381283868,-0.12540147364443607,0.0,0.036701819571690414
fr,French,metricx-qe,MetricX-QE,134,7.866832702907164,7.649289309088863,1.7820705426794405,1.6488885582021569,-0.21754339381830015,-0.25780224800109863,0.2055351697324389
ja,Japanese,litransproqa,LitTransProQA,124,0.9332278481012658,0.9968507554103716,0.12248221158845217,0.019299594254667204,-0.06362290730910578,0.0,0.020733296795236437
ja,Japanese,metricx-qe,MetricX-QE,124,9.118314185450155,8.696930164291013,1.6782870728155648,1.7267043226253627,-0.4213840211591413,-0.2694826126098633,0.2610503787129591
pl,Polish,litransproqa,LitTransProQA,128,0.9547863924050632,0.9910551819620254,0.11138650817324663,0.06823801929949318,-0.036268789556962035,0.0,0.023035923962686885
pl,Polish,metricx-qe,MetricX-QE,127,9.038987704149381,8.74277907093679,1.8299416345983752,1.7798269528734638,-0.29620863321259266,-0.1582193374633789,0.1947826634090156
