section,stat,n,htr_tokens,htr_words,mtr_tokens,mtr_words,src_tokens,src_words
books,mean,15,9680.266666666666,7623.333333333333,9582.133333333333,7676.466666666666,13026.4,4784.133333333333
books,std,15,534.9602744485755,449.30178637314054,625.7258489907846,529.1788607518886,1527.0079895010372,3334.114700800684
books,max,15,10261.0,7995.0,10500.0,8595.0,15967.0,8244.0
books,min,15,8600.0,6747.0,8474.0,6928.0,11155.0,141.0
chunks,mean,386,376.1761658031088,296.2435233160622,372.3626943005181,298.30829015544043,507.5220779220779,186.3948051948052
chunks,std,386,65.65442825838996,49.20313338159458,73.49224224096722,57.42008141126787,121.73601115667321,128.37786013539767
chunks,max,386,611.0,486.0,644.0,530.0,1139.0,417.0
chunks,min,386,118.0,100.0,121.0,102.0,141.0,1.0
