question_id,score
1,4.857142857142857
2,4.285714285714286
3,4.714285714285714
4,4.571428571428571
5,4.571428571428571
6,4.571428571428571
7,4.714285714285714
8,4.285714285714286
9,4.714285714285714
10,4.714285714285714
11,4.571428571428571
12,4.0
13,4.714285714285714
14,4.285714285714286
15,4.857142857142857
16,4.714285714285714
17,4.285714285714286
18,4.571428571428571
19,5.0
20,4.428571428571429
21,4.285714285714286
22,4.285714285714286
23,4.714285714285714
24,4.142857142857143
25,4.0
