source_lang,source_lang_label,n_chunks,agree_count,agreement_rate,both_tie_count,both_non_tie_chunks,non_tie_agree_count,non_tie_agreement_rate,kendall_tau,kendall_p_value
fr,French,134,40,0.29850746268656714,0,62,40,0.6451612903225806,0.09419756853869753,0.2723599003931697
ja,Japanese,124,30,0.24193548387096775,0,54,30,0.5555555555555556,-0.03523860192383583,0.6937267472387842
pl,Polish,127,30,0.23622047244094488,0,42,30,0.7142857142857143,0.17951915788818829,0.039412688423396944
