stat,word_count
max,8595.0
min,6928.0
std,529.1788607518886
mean,7676.466666666666
median,7623.0
sum,115147.0
