stat,token_count
max,10500.0
min,8474.0
std,625.7258489907846
mean,9582.133333333333
median,9648.0
sum,143732.0
