stat,word_count
max,530.0
min,102.0
std,57.42008141126787
mean,298.30829015544043
median,308.0
sum,115147.0
