stat,token_count
max,644.0
min,121.0
std,73.49224224096722
mean,372.3626943005181
median,384.0
sum,143732.0
