stat,token_count
max,10261.0
min,8600.0
std,534.9602744485755
mean,9680.266666666666
median,9832.0
sum,145204.0
