stat,word_count
max,7995.0
min,6747.0
std,449.30178637314054
mean,7623.333333333333
median,7877.0
sum,114350.0
