stat,word_count
max,486.0
min,100.0
std,49.20313338159458
mean,296.2435233160622
median,307.0
sum,114350.0
