stat,token_count
max,611.0
min,118.0
std,65.65442825838996
mean,376.1761658031088
median,390.0
sum,145204.0
