stat,word_count
max,8244.0
min,141.0
std,3334.114700800684
mean,4784.133333333333
median,6273.0
sum,71762.0
