stat,word_count
max,417.0
min,1.0
std,128.37786013539767
mean,186.3948051948052
median,240.0
sum,71762.0
