stat,token_count
max,1139.0
min,141.0
std,121.73601115667321
mean,507.5220779220779
median,514.0
sum,195396.0
